Season,Episode, Title,Said,Sentence,Talking to/about
Season 1,Episode 1,Winter is Coming,theon greyjoy,"The runt of the litter. That one's yours, Snow.",
Season 1,Episode 1,Winter is Coming,robert baratheon,Did you have to bury her in a place like this? She should be on a hill somewhere with the sun and the clouds above her.,
Season 1,Episode 1,Winter is Coming,tyrion lannister,"And Lady Stark is not your mother. Making you a bastard. Let me give you some advice, bastard. Never forget what you are. The rest of the world will not. Wear it like armor. Then it can never be used to hurt you.",Lady Stark
Season 1,Episode 1,Winter is Coming,benjen,You at a feast -- It's like a bear in a trap.,
Season 1,Episode 1,Winter is Coming,cersei lannister,"Hello, little dove. But you are a beauty. How old are you?",
Season 1,Episode 1,Winter is Coming,sandor clegane,"Rough night, Imp?",
Season 1,Episode 2,The Kingsroad,joffrey lannister,The boy means nothing to me. And I can't stand the wailing of women.,
Season 1,Episode 2,The Kingsroad,catelyn stark,I am grateful..,
Season 1,Episode 2,The Kingsroad,jon snow,"I'm going to miss you... Careful... All the best swords have names, you know.",
Season 1,Episode 2,The Kingsroad,robb stark,"Farewell, Snow.",
Season 1,Episode 2,The Kingsroad,robert baratheon,"There's a war coming, Ned. I don't know when, I don't know who we'll be fighting, but it's coming.",Ned
Season 1,Episode 2,The Kingsroad,jory cassel,She's been taken directly before the King.,
Season 1,Episode 3,Lord Snow,petyr baelish,I'm telling you the Crown is six million in debt.,
Season 1,Episode 3,Lord Snow,petyr baelish,The Master of Coin finds the money. The King and the Hand spend it.,
Season 1,Episode 3,Lord Snow,catelyn stark,Ned! [poking her head out of a window],Ned
Season 1,Episode 3,Lord Snow,grenn,"We'll talk later, Lord Snow.",
Season 1,Episode 3,Lord Snow,tyrion lannister,It's a lucky thing none of them were trained by a master-at-arms like your Ser Rodrik. I don't imagine any of them have ever held a real sword before they came here. Your brother Bran. He's woken up.,Ser Rodrik Bran
Season 1,Episode 3,Lord Snow,yoren,But it's not all of 'em's done bad things. Some of 'em's just poor lads looking for steady feed. Some of 'em's high-born lads looking for glory.,
Season 1,Episode 3,Lord Snow,benjen stark,Call me what you like.,
Season 1,Episode 3,Lord Snow,rakharo,Dothraki don't wear steel dresses.,Dothraki
Season 1,Episode 3,Lord Snow,irri,She does not want to eat horse.,
Season 1,Episode 3,Lord Snow,syrio forel,"Your dancing master, Syrio Forel.",Syrio Forel
Season 1,Episode 3,Lord Snow,syrio forel,"The steel must be part of your arm. Can you drop part of your arm? No. Nine years Syrio Forel was first sword to the Sealord of Braavos. He knows these things. You must listen to me, boy.",Syrio Forel
Season 1,Episode 3,Lord Snow,syrio forel,"Boy, girl... You are a sword, that is all. That is the grip. You are not holding a battle-axe. You are holding...",
Season 1,Episode 4,"Cripples, Bastards and Broken Things",jorah mormont,I had no money and an expensive wife.,
Season 1,Episode 4,"Cripples, Bastards and Broken Things",septa mordane,And who built the Red Keep?,
Season 1,Episode 4,"Cripples, Bastards and Broken Things",eddard stark,"You found money for a champion's purse, you can find money to keep the peace. I'll also give you 20 of my household guards till the crowds have left.",
Season 1,Episode 4,"Cripples, Bastards and Broken Things",grand maester pycelle,"Yes. Women, cravens... and eunuchs. Did you know that lord Varys is a eunuch?",cravens Varys
Season 1,Episode 4,"Cripples, Bastards and Broken Things",grand maester pycelle,"Yes, yes, of course. How that sort of person found himself on the King's Council, I will never know.",
Season 1,Episode 4,"Cripples, Bastards and Broken Things",jaime lannister,"Have we? Strange, I've forgotten.",
Season 1,Episode 4,"Cripples, Bastards and Broken Things",jon snow,"That's enough. Sam's no different from the rest of us. There was no place for him in the world, so he's come here. We're not going to hurt him in the training yard anymore. Never again, no matter what Thorne says. He's our brother now and we're going to protect him.",Sam Thorne
Season 1,Episode 4,"Cripples, Bastards and Broken Things",jon snow,Red.,
Season 1,Episode 4,"Cripples, Bastards and Broken Things",sam tarly,I like red hair. And her... Her...,
Season 1,Episode 4,"Cripples, Bastards and Broken Things",jon snow,And why is my surname Snow?,
Season 1,Episode 4,"Cripples, Bastards and Broken Things",marillion,My Lord of Lannister! Might I entertain you while you eat? I can sing of your father's victory at King's Landing!,Lannister
Season 1,Episode 5,The Wolf and the Lion,tyrion lannister,What sort of imbecile arms an assassin with his own blade?,
Season 1,Episode 5,The Wolf and the Lion,bran stark,"How can she protect the family, if she's not with her family?",
Season 1,Episode 5,The Wolf and the Lion,ros,I thought you were supposed to be an important person around here.,
Season 1,Episode 5,The Wolf and the Lion,petyr baelish,"I'm a purveyor of beauty and discretion, both equally important.",
Season 1,Episode 5,The Wolf and the Lion,yoren,"No one sent me, my Lord. I'm here to find men for The Wall, see if there's any scum in the dungeons that might be fit for service.",
Season 1,Episode 5,The Wolf and the Lion,renly baratheon,"All I ever hear from Robert and Stannis is how I'm not tough enough, how I squirm at the sight of blood.",Robert Stannis
Season 1,Episode 5,The Wolf and the Lion,renly baratheon,"He does have a deep, abiding lust for her money. You have to give it to the Lannisters, they may be the most pompous, ponderous cunts the gods ever suffered to walk the world, but they do have outrageous amounts of money.",Lannisters
Season 1,Episode 5,The Wolf and the Lion,loras tyrell,I have an outrageous amount of money.,
Season 1,Episode 5,The Wolf and the Lion,mhaegen,"He wasn't that sort of man, my Lord. He just wanted to know if the child was happy, healthy.",
Season 1,Episode 5,The Wolf and the Lion,eddard stark,She looks healthy enough to me. The girl shall want for nothing.,
Season 1,Episode 5,The Wolf and the Lion,petyr baelish,"Does it matter? If you fuck enough women, some of them will give you presents.",
Season 1,Episode 6,A Golden Crown,cersei lannister,He's attacked my brother and abducted the other. I should wear the armor and you the gown.,
Season 1,Episode 6,A Golden Crown,cersei lannister,I shall wear this like a badge of honor.,
Season 1,Episode 6,A Golden Crown,robert baratheon,Wear it in silence or I'll honor you again.,
Season 1,Episode 6,A Golden Crown,syrio forel,"More trouble for you. Just so… How can you be quick as a snake, or as quiet as a shadow, when you are somewhere else? You are fearing for your father, hmm? That is right. Do you pray to the gods?",
Season 1,Episode 6,A Golden Crown,viserys targaryen,She has to eat a whole heart? I hope that wasn't my horse.,
Season 1,Episode 6,A Golden Crown,tyrion lannister,Mord! Mord! Mord! Mord! Mord!,Mord Mord Mord Mord
Season 1,Episode 6,A Golden Crown,renly baratheon,Sounds exhilarating.,
Season 1,Episode 6,A Golden Crown,man,"They burned most everything in the Riverlands, our fields, our granaries, our homes. They took our women and then they took ‘em again. When they was done, they butchered them as if they was animals. They covered our children in pitch and lit them on fire.",Riverlands
Season 1,Episode 6,A Golden Crown,petyr baelish,I've heard him called “Tywin Lannister's mad dog.” I'm sure you have as well. Can you think of any reason the Lannisters might possibly have for being angry with your wife?,Lannisters
Season 1,Episode 6,A Golden Crown,mordane,You wear your hair like a real southern lady now.,
Season 1,Episode 7,You Win or You Die,tywin lannister,Lannisters don't act like fools.,
Season 1,Episode 7,You Win or You Die,wine merchant,Me? I'm afraid I am not worthy of the vintage.,
Season 1,Episode 7,You Win or You Die,eddard stark,I will not dishonor Robert's last hours by shedding blood in his halls and dragging frightened children from their beds.,Robert
Season 1,Episode 8,The Pointy End,sansa stark,She didn't forget. She's with her dancing master.,
Season 1,Episode 8,The Pointy End,meryn trant,"Mind your place, dancing master.",
Season 1,Episode 8,The Pointy End,catelyn stark,You will not support us then? Do I understand you correctly?,
Season 1,Episode 8,The Pointy End,kevan lannister,"Jaime smashed the River Lords at the Golden Tooth, and now lays siege to Riverrun, Catelyn Stark's homeland.",Jaime Riverrun Catelyn Stark's
Season 1,Episode 8,The Pointy End,robb stark,You call me boy again.,
Season 1,Episode 8,The Pointy End,lord varys,"We have nothing but gratitude for your long service, good Ser.",
Season 1,Episode 8,The Pointy End,petyr baelish,"A naked Knight, apparently.",
Season 1,Episode 9,Baelor,kevan lannister,They do seem rather ferocious.,
Season 1,Episode 9,Baelor,shae,Who told you this? Women you paid?,
Season 1,Episode 9,Baelor,qotho,"Only while the blood of my blood lives. When he dies, she is nothing.",
Season 1,Episode 9,Baelor,daenerys targaryen,"l think you should wear your armor tonight, ser.",
Season 1,Episode 9,Baelor,arya stark,Could l have one? A lemon one or any of them.,
Season 1,Episode 10,Fire and Blood,jaime lannister,"You look lovely tonight, Lady Stark. Widowhood becomes you. Your bed must be lonely. ls that why you came? l'm not at my best, but l think l could be of service. You slip out of that gown and we'll see if l'm up to it. Oh, l do like a violent woman.",Lady Stark
Season 1,Episode 10,Fire and Blood,jaime lannister,What gods are those? The trees your husband prayed to? Where were the trees when his head was getting chopped off? lf your gods are real and if they are just why is the world so full of injustice?,
Season 1,Episode 10,Fire and Blood,jaime lannister,l pushed him out the window.,
Season 1,Episode 10,Fire and Blood,jorah mormont,"He never lived, my princess. The women say –",
Season 1,Episode 10,Fire and Blood,daenerys targaryen,What do the women say?,
Season 1,Episode 10,Fire and Blood,grenn,They'll kill you if they find out you've gone.,
Season 1,Episode 10,Fire and Blood,varys,"l am flattered, of course, to be pictured at all.",
Season 2,Episode 1,The North Remembers,announcer,Ser Dontos the Red of House Hollard.,Ser Dontos
Season 2,Episode 1,The North Remembers,announcer,Ser Dontos the Red of House Hollard!,Ser Dontos
Season 2,Episode 1,The North Remembers,joffrey lannister,Her loss? Her father was a confessed traitor!,
Season 2,Episode 1,The North Remembers,daenerys targaryen,"Cities, living or dead. Caravans and people. Rivers or lakes or the great salt sea. Find how far the Red Waste extends before us, and what lies on the other side.",
Season 2,Episode 1,The North Remembers,daenerys targaryen,"Rokharo, you are my last hope, blood of my blood.",Rokharo
Season 2,Episode 1,The North Remembers,craster,"Oh, aye, and you chose the path with no one but boys on it. . You'll be wanting to sleep beneath my roof, I suppose, and eat me out of pigs.",aye
Season 2,Episode 1,The North Remembers,robb stark,You don't have to call me ‘Your Grace' when no one's around.,
Season 2,Episode 1,The North Remembers,catelyn stark,"I mothered more than just rebels, a fact you seem to have forgotten.",
Season 2,Episode 1,The North Remembers,joffrey lannister,"With luck, she's dead in a ditch somewhere.",
Season 2,Episode 1,The North Remembers,joffrey lannister,I think they might. They're weak. They put too much value on their women. .,
Season 2,Episode 1,The North Remembers,joffrey lannister,I'm asking if he fucked other women when he grew tired of you. How many bastards does he have running -,
Season 2,Episode 1,The North Remembers,roz,"Don't call him Littlefinger, he doesn't like it. Lord Baelish.",Littlefinger Baelish
Season 2,Episode 2,The Night Lands,daenerys targaryen,"Rakharo, Aggo, Kovarro.. Take our remaining horses. Find out how far the Red Waste extends before us, and what lies on the other side.",
Season 2,Episode 2,The Night Lands,varys,"You might be disappointed in the results. The storms come and go. The big fish eat the little fish. And I keep on paddling. Come, my lord. We shouldn't keep the queen waiting.",
Season 2,Episode 2,The Night Lands,cersei lannister,"If you speak with him, tell him he's not been forgotten.",
Season 2,Episode 2,The Night Lands,theon greyjoy,They'll be waiting for me on the docks.,
Season 2,Episode 2,The Night Lands,theon greyjoy,"Quit talking about your father. He's right about us. Our wives from the Iron Islands, they're for breeding. That's not enough for us. That's why we take saltwives, from the women we capture.",
Season 2,Episode 2,The Night Lands,roz,"She works for you. She's the one, the girl whose, they killed her baby.",
Season 2,Episode 2,The Night Lands,janos,"Hmm, that's a good red. Dornish?",
Season 2,Episode 2,The Night Lands,yara greyjoy,You been at sea long? Or were there just no women where you came from?,
Season 2,Episode 2,The Night Lands,balon,"Nine years, is it? They took a frightened boy. What have they given back?",
Season 2,Episode 3,What Is Dead May Never Die,luwin,All right. Maybe magic once was a mighty force in the world. But not anymore. The dragons are gone. The giants are dead. And the Children of the Forest forgotten.,
Season 2,Episode 3,What Is Dead May Never Die,renly,"Brienne, escort Lady Catelyn to her tent. She's tired from her journey.",Lady Catelyn
Season 2,Episode 3,What Is Dead May Never Die,tyrion lannister,Right. I'm so grateful to have a man of your vast knowledge and wisdom on my side.,
Season 2,Episode 3,What Is Dead May Never Die,tyrion lannister,These are perilous times. And the crown must forge new alliances. And these alliances must often be sealed in matrimony.,
Season 2,Episode 3,What Is Dead May Never Die,renly,"Although, some say the beauty most desired is the beauty concealed.",
Season 2,Episode 3,What Is Dead May Never Die,tyrion lannister,"Just how safe do you think Myrcella is if this city falls? Do you want to see her raped, butchered like the Targaryen children? Make no mistake. They'll mount her pretty little head on a spike right beside yours.",Myrcella
Season 2,Episode 3,What Is Dead May Never Die,tyrion lannister,I've decided I don't like riddles.,
Season 2,Episode 3,What Is Dead May Never Die,yoren,"Ho! Get up, you lazy sons of whores! Arm yourselves.",
Season 2,Episode 4,Garden of Bones,petyr baelish,Both girls are healthy and safe. For now. But you know the Queen and you know Joffrey. I fear for their longevity if they remain in the capital.,Joffrey
Season 2,Episode 4,Garden of Bones,daenerys targaryen,The beauty of Quarth is legendary-,
Season 2,Episode 4,Garden of Bones,daenerys targaryen,"Thirteen! When my dragons are grown, we will take back what was stolen from me and destroy those who have wronged me. We will lay waste to armies and burn cities to the ground. Turn us away and we will burn you first.",
Season 2,Episode 4,Garden of Bones,tyrion lannister,"An anointed knight, yes. Tell me, did Cersei have you knighted before or after she took you into her bed? What? Nothing to say? No more warnings for me, ser?",Cersei
Season 2,Episode 4,Garden of Bones,stannis baratheon,Four fewer fingernails to clean. Never understood why you had to wear them.,
Season 2,Episode 4,Garden of Bones,davos,"To me? Gods, no. But if your Red Woman told him to leap from the crow's nest",
Season 2,Episode 4,Garden of Bones,stannis baratheon,The Red Woman. No one must know what you do and we'll not speak of this again.,
Season 2,Episode 4,Garden of Bones,melisandre,Yet you have known other women.,
Season 2,Episode 4,Garden of Bones,melisandre,"I'm not. I'm talking about other women. Like me, Ser Davos. You want me. You want to see what's beneath this robe.",Ser Davos
Season 2,Episode 5,The Ghost of Harrenhal,tyrion lannister,The smart money would be on more likely.,
Season 2,Episode 5,The Ghost of Harrenhal,theon greyjoy,"The Stony Shore, to raid their villages. There'll be spoils in it for you, and women, if you do your jobs well.",
Season 2,Episode 5,The Ghost of Harrenhal,yara greyjoy,"Oh, I'm not here for you. I was just on my way to Red Harbor. I've got thirty ships. There's nowhere to put them here. Too narrow.",
Season 2,Episode 5,The Ghost of Harrenhal,jon snow,I think they were afraid. I think they came here to get away from something. And I don't think it worked.,
Season 2,Episode 5,The Ghost of Harrenhal,irri,"She's not a princess. She's a Khaleesi. You should wear it, Khaleesi.",Khaleesi
Season 2,Episode 5,The Ghost of Harrenhal,catelyn stark,"He's gone, Brienne. You serve nothing and no one by following him into the earth. Renly's enemies are Robb's enemies as well.",Brienne Renly Robb
Season 2,Episode 5,The Ghost of Harrenhal,catelyn stark,I vow that you shall always have a place in my home and at my table and that I shall ask no service of you that might bring you dishonor. I swear it by the Old Gods and the new.,
Season 2,Episode 5,The Ghost of Harrenhal,osha,"You might be a little lord, but don't you call me a liar.",
Season 2,Episode 5,The Ghost of Harrenhal,osha,They say all sorts of crazy things north of the Wall.,
Season 2,Episode 5,The Ghost of Harrenhal,jorah mormont,"Rich men do not become rich by giving more than they get. They'll give you ships and soldiers and they'll own you forever. Moving carefully is the hard way, but it's the right way.",
Season 2,Episode 6,The Old Gods and the New,qhorin,"So you think. Wild creatures have their own rules, their own reasons. And you'll never know them. Now the wildlings we're looking for sleep during the day and hunt at night.",
Season 2,Episode 6,The Old Gods and the New,jon snow,I'm Jon Snow.,Jon Snow
Season 2,Episode 6,The Old Gods and the New,ygritte,"The sun's going down, Jon Snow. And your friends are nowhere close.",Jon Snow
Season 2,Episode 6,The Old Gods and the New,xaro,"I have traveled very far in my life and met many women, but none that are immune to flattery.",
Season 2,Episode 6,The Old Gods and the New,theon greyjoy,You know things? Like what? How to eat dirt?,
Season 2,Episode 7,A Man Without Honor,black lorren,The giant must have took him.,
Season 2,Episode 7,A Man Without Honor,theon greyjoy,"The giant? Hodor? Oh, that's all right, then. You let a halfwit escape with a cripple. And Rickon, too? The little one?",Hodor Rickon
Season 2,Episode 7,A Man Without Honor,jon snow,"There are no women of the Night's Watch, no.",
Season 2,Episode 7,A Man Without Honor,tywin lannister,Of course you are. Eat.,
Season 2,Episode 7,A Man Without Honor,arya stark,I'll eat in the kitchen later.,
Season 2,Episode 7,A Man Without Honor,tywin lannister,It's bad manners to refuse a lordo s offer. Sit. Eat.,
Season 2,Episode 7,A Man Without Honor,arya stark,I eat a lot. I just don't grow.,
Season 2,Episode 7,A Man Without Honor,tywin lannister,"Careful now, girl. I enjoy you, but be careful. Take that back to the kitchen. Eat what you want.",
Season 2,Episode 7,A Man Without Honor,woman,"Children, come inside, quick. Come on.",
Season 2,Episode 7,A Man Without Honor,daenerys targaryen,"We can't find her. She must be dead, too. I led my people out of the Red Waste and into the slaughterhouse.",
Season 2,Episode 7,A Man Without Honor,quaith,Jorah the Andal. This man must sail past old Valyria. All who travel too close to the doom must have protection.,Andal Valyria
Season 2,Episode 8,The Prince of Winterfell,bronn,I don't want to wear a gold cloak.,
Season 2,Episode 8,The Prince of Winterfell,tyrion lannister,"Stannis knows King's Landing. He knows where the walls are strongest, and he knows which gates are weakest. The Mud Gate. A good ram will batter it down in minutes, and it's only 50 yards from the water. That's where he'll land.",Stannis
Season 2,Episode 8,The Prince of Winterfell,sam,I'm not cut out for this sort of work.,
Season 2,Episode 8,The Prince of Winterfell,tyrion lannister,You've forgotten the most important thing about whores.,
Season 2,Episode 8,The Prince of Winterfell,roose bolton,We've sent a dozen ravens. None have returned. My bastard is only a few days from Winterfell. Once he captures the castle,Winterfell
Season 2,Episode 8,The Prince of Winterfell,tyrion lannister,A girl at the edge of the world is the least of our problems.,
Season 2,Episode 9,Blackwater,davos,"Aye, but we have the wind. She'll blow us straight to the gates.",
Season 2,Episode 9,Blackwater,tyrion lannister,"If the city falls, Stannis will burn every Lannister he can find. Of course I'm afraid.",Lannister
Season 2,Episode 9,Blackwater,varys,"For all our sakes, I hope you are wrong. My little birds tell me that Stannis Baratheon has taken up with a red priestess from Asshai.",Stannis Baratheon Asshai
Season 2,Episode 9,Blackwater,tyrion lannister,"Ser Lancel, tell the Hound to tell the king that the Hand is extremely busy.",Ser Lancel
Season 2,Episode 9,Blackwater,cersei lannister,"I was wondering where our little dove had flown. You look pale, child. Is your red flower still blooming?",
Season 2,Episode 9,Blackwater,cersei lannister,"Ser llyn? He's here to defend us. When the axes smash down those doors, you may be glad to have him.",Ser llyn
Season 2,Episode 9,Blackwater,men,"First and second squads, to the gate! To the Mud Gate!",
Season 2,Episode 9,Blackwater,cersei lannister,With the women and children? Do you want him to be mocked as a coward for the rest of his life?,
Season 2,Episode 9,Blackwater,man,"Faster, you bastards! Faster! Come on, kill the scum!",
Season 2,Episode 9,Blackwater,sandor clegane,"Eat shit, dwarf.",
Season 2,Episode 9,Blackwater,tommen lannister,Stags aren't evil. They only eat grass.,
Season 2,Episode 10,Valar Morghulis,petyr baelish,"He'll let you go home? Joffrey's not the sort of boy who gives away his toys. You have a tender heart, just like your mother did at your age. I can see so much of her in you. She was like a sister to me. For her sake, I'll help get you home.",Joffrey
Season 2,Episode 10,Valar Morghulis,brienne,I think these women would understand if I don't care what you think.,
Season 2,Episode 10,Valar Morghulis,theon greyjoy,"You hear that? That's the mating call of the Northmen. They want to fuck us. Well, I haven't had a good fuck in weeks. I'm ready for one.",
Season 2,Episode 10,Valar Morghulis,shae,You think I'm here for money?,
Season 2,Episode 10,Valar Morghulis,shae,"Oh. I'm a poor little rich man and nobody loves me, so I make jokes all the time and pay them to laugh. Fuck your money. Let's leave.",
Season 2,Episode 10,Valar Morghulis,arya stark,My dancing master was from Braavos.,
Season 2,Episode 10,Valar Morghulis,osha,I've got no great love for my own kind. I'll get you milk of the poppy. Tell me where to find it.,
Season 2,Episode 10,Valar Morghulis,daenerys targaryen,"Until the sun rises in the west and sets in the east, until the rivers run dry and the mountains blow in the wind like leaves.",
Season 2,Episode 10,Valar Morghulis,sam,"No, truly. The thing about her that I find so interesting is that after all that Craster's done to her, she's still got hope that life might get better.",
Season 3,Episode 1,Valar Dohaeris,davos,You call me friend. You drank with me on my wedding day.,
Season 3,Episode 1,Valar Dohaeris,salladhor,"When you are dead, I will gather your bones in a little sack and let your widow wear them around her neck.",
Season 3,Episode 1,Valar Dohaeris,shae,He's an important person.,
Season 3,Episode 1,Valar Dohaeris,joffrey lannister,My mother's always had a penchant for drama. Facts become less and less important to her as she grows older. Our lives were never truly in danger.,
Season 3,Episode 1,Valar Dohaeris,joffrey lannister,"Well, as Ser Loras said, Lady Margaery has done this sort of... charitable work before. I'm sure she knows what she's doing.",Ser Loras Lady Margaery
Season 3,Episode 1,Valar Dohaeris,missandei,"The Westrosi woman is pleased with them, but speaks no praise to keep the price down. She wished to know how they are trained.",
Season 3,Episode 2,"Dark Wings, Dark Words",brienne,"If Lady Stark is unhappy with any aspect of my service, I'm sure she'll let me know. She's an honest woman.",Lady Stark
Season 3,Episode 2,"Dark Wings, Dark Words",jaime lannister,How did you come into Lady Stark's service? There's something we can talk about.,Lady Stark's
Season 3,Episode 2,"Dark Wings, Dark Words",jaime lannister,"Did you ever tell him? No, of course not. You weren't Renly's type, I'm afraid.",Renly
Season 3,Episode 2,"Dark Wings, Dark Words",joffrey lannister,She married Renly Baratheon because she was told to. That's what intelligent women do-what they're told.,Renly Baratheon
Season 3,Episode 2,"Dark Wings, Dark Words",margaery tyrell,"Come. Lady Sansa, it is my honor to present my grandmother the Lady Olenna of House Tyrell.",Lady Sansa the Lady Olenna
Season 3,Episode 2,"Dark Wings, Dark Words",olenna tyrell,"Are you frightened, child? No need for that. We're only women here. Tell us the truth. No harm will come to you.",
Season 3,Episode 2,"Dark Wings, Dark Words",catelyn stark,And he lived. And I couldn't keep my promise. And everything that's happened since then all this horror that's come to my family it's all because I couldn't love a motherless child.,
Season 3,Episode 2,"Dark Wings, Dark Words",osha,"If you kill me, that wolf will tear you to bits.",
Season 3,Episode 2,"Dark Wings, Dark Words",hot pie,I'm not going with them. The Brotherhood? That's who the Mountain and them lot were looking for. They'll bring us back and put rats in us.,
Season 3,Episode 2,"Dark Wings, Dark Words",shae,But you said I should come to you with any problems.,
Season 3,Episode 2,"Dark Wings, Dark Words",shae,"A great beauty? Oh, a great beauty?",
Season 3,Episode 2,"Dark Wings, Dark Words",tyrion lannister,"Yes, she is, objectively, very. Her face is quite pleasing-to other men and to women, people in general. But not to me, of course. I only have eyes for you.",
Season 3,Episode 2,"Dark Wings, Dark Words",jojen,Or things that happened long before you were born or things that are happening right now thousands of miles away.,
Season 3,Episode 2,"Dark Wings, Dark Words",man,"I never liked the skinny ones. Like drinking from a puddle. Not that I'm averse to drinking from a puddle every now and again, you understand.",
Season 3,Episode 3,Walk of Punishment,tyrion lannister,"I'm quite good at spending money, but a lifetime of outrageous wealth hasn't taught me much about managing it.",
Season 3,Episode 3,Walk of Punishment,arya stark,That's the tail?,
Season 3,Episode 3,Walk of Punishment,brynden,You mustn't think it. We don't know the truth. They could be in hiding. Robb believes they're alive. And he must go on believing. He's got to remain strong if he's to prevail. And you must remain strong for him.,Robb
Season 3,Episode 3,Walk of Punishment,petyr baelish,I hear you owe that boy a significant debt.,
Season 3,Episode 3,Walk of Punishment,tyrion lannister,"Only my life. Not all that significant, I'm afraid.",
Season 3,Episode 3,Walk of Punishment,tyrion lannister,Kayla is famous from here to Volantis in certain circles. One of four women in the world who can perform a proper Meereenese Knot.,
Season 3,Episode 3,Walk of Punishment,bronn,I've never borrowed money before. I'm not clear on the rules.,
Season 3,Episode 3,Walk of Punishment,tyrion lannister,"Well, ahem, the basic principle is I lend you money, and after an agreed upon period of time, you return it with interest.",
Season 3,Episode 3,Walk of Punishment,bronn,Maybe they're trying to curry some favor with the new Master of Coin.,
Season 3,Episode 3,Walk of Punishment,bronn,Of course they seemed to like it. They're paid to seem to like it.,
Season 3,Episode 3,Walk of Punishment,jaime lannister,"Lord Selwyn would pay his daughter's weight in sapphires if she's returned to him. But only if she's alive, her honor unbesmirched.",Selwyn
Season 3,Episode 3,Walk of Punishment,jaime lannister,Fighting bravely for a losing cause is admirable. Fighting for a winning cause is far more rewarding.,
Season 3,Episode 3,Walk of Punishment,locke,Suppose you'll be wanting something to eat.,
Season 3,Episode 4,And Now His Watch Is Ended,locke,"Depends if he's had any practice. Is that the sort of thing you and your sister go in for, Kingslayer? She loosened you up for us?",Kingslayer
Season 3,Episode 4,And Now His Watch Is Ended,tyrion lannister,I thought one of your little birds might have knowledge of my sister's intentions to-,
Season 3,Episode 4,And Now His Watch Is Ended,varys,Huh. Prodigies appear in the oddest of places. And what did Littlefinger say about this loss of income?,Littlefinger
Season 3,Episode 4,And Now His Watch Is Ended,thoros,Somewhere neither wolves nor lions come prowling.,
Season 3,Episode 4,And Now His Watch Is Ended,beric,"That's what we are- ghosts waiting for you in the dark. You can't see us, but we see you. No matter whose cloak you wear- Lannister, Stark, Baratheon- you prey on the weak, the Brotherhood without Banners will hunt you down.",Lannister
Season 3,Episode 4,And Now His Watch Is Ended,missandei,"The master says they are untested. He says you would be wise to blood them early. There are many small cities between here and there, cities ripe for sacking. Should you take captives, the masters will buy the healthy ones and for a good price.",
Season 3,Episode 5,Kissed by Fire,ygritte,"Just a boy. He came trading with his brothers. He had red hair like me. Kissed by fire. But he was weak. Not like you. That was the first one. Then there was this Thenn boy. Spoke no Common, but gods, he was built like a mammoth.",
Season 3,Episode 5,Kissed by Fire,qyburn,I can take away the rotting flesh and try and burn out the corruption - with boiling wine.,
Season 3,Episode 5,Kissed by Fire,tyrion lannister,And we are so grateful for your contributions which are necessary for the preservation of the realm.,
Season 3,Episode 5,Kissed by Fire,olenna tyrell,"Very good, then. That's settled. Good day.",
Season 3,Episode 5,Kissed by Fire,robb stark,Is that all of them? It took five of you to murder two unarmed squires?,
Season 3,Episode 5,Kissed by Fire,stannis baratheon,You don't understand. The Red Woman- the Lady Melisandre-,
Season 3,Episode 5,Kissed by Fire,shireen,He hasn't come to visit me. He said he'd bring me back a present from the capital.,
Season 3,Episode 5,Kissed by Fire,barristan,Of course he wanted her dead. She's a Targaryen. The last Targaryen.,
Season 3,Episode 5,Kissed by Fire,talisa,Come to bed.,
Season 3,Episode 5,Kissed by Fire,sansa stark,Many ladies wear it this way.,
Season 3,Episode 5,Kissed by Fire,tyrion lannister,I'm Master of Coin. Saving money is important.,Master of Coin
Season 3,Episode 5,Kissed by Fire,tyrion lannister,"Very well. She's a lovely girl. Missing some of Loras' favorite bits, but I'm sure they'll make do.",Loras
Season 3,Episode 6,The Climb,ygritte,Cause I'll cut your pretty cock right off and wear it 'round my neck.,
Season 3,Episode 6,The Climb,ramsay bolton,Do I look like a fucking Umber to you?,
Season 3,Episode 6,The Climb,roose bolton,I see my men have finally found you something appropriate to wear.,
Season 3,Episode 6,The Climb,roose bolton,Wars cost money. Many people would pay a great deal for you.,
Season 3,Episode 6,The Climb,jaime lannister,"Very well. My lady, may our journey continue without further incident.",
Season 3,Episode 6,The Climb,tyrion lannister,It's hard to say which of the four of us is getting the worst of this arrangement. Probably Sansa. Though Loras will certainly come to know a deep and singular misery.,Sansa Loras
Season 3,Episode 6,The Climb,cersei lannister,"When Jaime gets back, yes. But when do we think that's going to be? He's out there somewhere.",Jaime
Season 3,Episode 6,The Climb,petyr baelish,"You're so right. For instance, when I thwarted your plan to give Sansa Stark to the Tyrells. If I'm going to be honest, I did feel an unmistakable sense of enjoyment there. But your confidant, the one who fed you information about my plans, the one you swore to protect, you didn't bring her any enjoyment. And she didn't bring me any enjoyment. She was a bad investment on my part. Luckily, I have a friend who wanted to try something new. Something daring. And he was so grateful to me for providing this fresh experience.",Sansa Stark
Season 3,Episode 7,The Bear and the Maiden Fair,margaery tyrell,You would have been happy at Highgarden. But women in our position must make the best of our circumstances.,Highgarden
Season 3,Episode 7,The Bear and the Maiden Fair,tyrion lannister,Two women to despise me and a whole kingdom to join them.,
Season 3,Episode 7,The Bear and the Maiden Fair,joffrey lannister,Yes. I'd like a report on the meetings of my small council.,
Season 3,Episode 7,The Bear and the Maiden Fair,shae,Golden chains.,
Season 3,Episode 7,The Bear and the Maiden Fair,ygritte,I'm Jon Snow and I'm from Winterfell. My daddy was a fancy lord and I lived in a tower that touched the clouds.,Jon Snow Winterfell
Season 3,Episode 7,The Bear and the Maiden Fair,ygritte,"Well, girls see more blood than boys. Or do you like girls who swoon, Jon Snow? Oh, a spider! Save me, Jon Snow.",Jon Snow Jon Snow
Season 3,Episode 8,Second Sons,sandor clegane,Fuck Joffrey. Fuck the queen. That's the Red Fork. I'm taking you to the Twins.,Fuck Joffrey
Season 3,Episode 8,Second Sons,daenerys targaryen,"Even if your numbers are right, you must admit the odds don't favor your side.",
Season 3,Episode 8,Second Sons,daario,"I like them very much. I just refuse to pay them. And I'm no whore, my friend.",
Season 3,Episode 8,Second Sons,prendahl,For beauty?,
Season 3,Episode 8,Second Sons,cersei lannister,"If you ever call me sister again, I'll have you strangled in your sleep.",
Season 3,Episode 8,Second Sons,daenerys targaryen,How can anyone speak nineteen languages?,
Season 3,Episode 8,Second Sons,daario,Your beauty. It meant more to me than it did to them.,
Season 3,Episode 9,The Rains of Castamere,arya stark,"When Beric's sword went up in flames, you looked like a scared little girl.",Beric
Season 3,Episode 9,The Rains of Castamere,bran stark,No. You and Osha and Shaggydog head for the Last Hearth. The Umbers are our bannermen. They'll protect you.,
Season 3,Episode 9,The Rains of Castamere,everybody,To bed! To bed! To bed!,
Season 3,Episode 10,Mhysa,tyrion lannister,So that's why you did it? To save lives?,
Season 3,Episode 10,Mhysa,meera,If the gods turned every killer into a giant white rat-,
Season 3,Episode 10,Mhysa,balon,"On the first night of the full moon, I will hunt down every islander still in our lands and flay them living the way I flayed the twenty Ironborn scum I found at Winterfell. In the box you'll find a special gift- Theon's favorite toy. He cried when I took it away from him.'",Winterfell
Season 3,Episode 10,Mhysa,gendry baratheon,How far below? How close to the Red Keep were you?,
Season 3,Episode 10,Mhysa,cersei lannister,"Not very. But if it weren't for my children, I'd have thrown myself from the highest window in the Red Keep. They're the reason I'm alive.",
Season 3,Episode 10,Mhysa,arya stark,I've got money.,
Season 3,Episode 10,Mhysa,shireen,My books are better than these boring scrolls. You could read about Balerion the Dread. They say you can still see his skull in the dungeons beneath the Red Keep. I'd like to see that someday.,
Season 3,Episode 10,Mhysa,gendry baratheon,You know how to swim?,
Season 4,Episode 1,Two Swords,tyrion lannister,You must be weary after such a long journey.,
Season 4,Episode 1,Two Swords,oberyn martell,Do you like women?,
Season 4,Episode 1,Two Swords,tyrion lannister,The king is very grateful that you traveled all this way for his wedding.,
Season 4,Episode 1,Two Swords,tyrion lannister,I wasn't actually present.,
Season 4,Episode 1,Two Swords,shae,You need to eat something.,
Season 4,Episode 1,Two Swords,tyrion lannister,"My lady, you do need to eat.",
Season 4,Episode 1,Two Swords,sansa stark,I don't need to eat.,
Season 4,Episode 1,Two Swords,tyrion lannister,Of course I haven't forgotten.,
Season 4,Episode 1,Two Swords,styr,"Think of them stuck in their larders stuffing their faces with ham and blood sausage and stew, getting nice and fat and marbled.",
Season 4,Episode 1,Two Swords,sansa stark,"I'll wear it with pride, Ser Dontos.",Ser Dontos
Season 4,Episode 1,Two Swords,arya stark,Why don't you have any money? Didn't you steal anything from Joffrey before you left?,Joffrey
Season 4,Episode 1,Two Swords,polliver,You got money to pay for it?,
Season 4,Episode 1,Two Swords,polliver,"No. But we're the king's men. So, you got money?",
Season 4,Episode 1,Two Swords,sandor clegane,"I understand that if any more words come pouring out of your cunt mouth, I'm gonna have to eat every fucking chicken in this room.",
Season 4,Episode 2,The Lion and the Rose,ramsay bolton,Rip her! Rip her! Rip her!,
Season 4,Episode 2,The Lion and the Rose,shae,I'm not afraid of them. I'm not going to run.,
Season 4,Episode 2,The Lion and the Rose,davos,"I'm sure they're more than grateful, my queen.",
Season 4,Episode 2,The Lion and the Rose,melisandre,And it frightened you?,
Season 4,Episode 2,The Lion and the Rose,melisandre,Women scream when they give birth. Afterward they are filled with joy.,
Season 4,Episode 2,The Lion and the Rose,tywin lannister,People who spend their money on this sort of nonsense tend not to have it for long.,
Season 4,Episode 2,The Lion and the Rose,brienne,I just wanted to congratulate you both and wish you good fortune. The country has been at war too long. I hope your reign is long and peaceful.,
Season 4,Episode 2,The Lion and the Rose,brienne,"Not such a fascinating story, I'm afraid.",
Season 4,Episode 2,The Lion and the Rose,oberyn martell,"People everywhere have their differences. In some places, the highborn frown upon those of low birth. In other places, the rape and murder of women and children is considered distasteful. What a fortunate thing for you, former Queen Regent, that your daughter Myrcella has been sent to live in the latter sort of place.",Myrcella
Season 4,Episode 3,Breaker of Chains,shireen,It's a new one today. Lots of tricky words. But I think you can manage.,
Season 4,Episode 3,Breaker of Chains,oberyn martell,Your loss.,
Season 4,Episode 3,Breaker of Chains,olly,Mother says it's time to eat.,
Season 4,Episode 3,Breaker of Chains,styr,Those your parents? Open your eyes. I'm going to eat them. Do you hear me? I'm going to eat your dead mama and I'm going to eat your dead papa. Go tell the crows at Castle Black.,
Season 4,Episode 4,Oathkeeper,petyr baelish,I'm getting married to your Aunt Lysa. She's waiting for us at the Eyrie. You'll be safe there.,Aunt Lysa
Season 4,Episode 4,Oathkeeper,janos slynt,For now. But you can't be acting commander forever. There will be a choosing. The old maester will insist on it. You might reconsider his request to marchon Craster's. Let the mutineer stake care of Snow. Or you might be taking orders from him the rest of your life.,mutineer
Season 4,Episode 4,Oathkeeper,jaime lannister,"I swore by all the gods that if her daughters were alive, I'd return them to her.",
Season 4,Episode 4,Oathkeeper,tanner,"I was a fucking legend in Gin Alley. A fucking legend! I would take any knight... any knight, any time. Fucking cunts in steel plate. Fucking cowards.",
Season 4,Episode 5,First of His Name,petyr baelish,Ought we not... inform the Lords of the Vale about the ceremony?,
Season 4,Episode 5,First of His Name,petyr baelish,"Let me bathe and dress for the occasion. Once I'm presentable, I'll call on the septon immediately.",
Season 4,Episode 5,First of His Name,tywin lannister,The crown owes the Iron Bank of Braavos a tremendous amount of money.,
Season 4,Episode 5,First of His Name,sansa stark,"Oh, I know he does. I'm so grateful.",
Season 4,Episode 5,First of His Name,sandor clegane,Meryn Trant? The greatest swordsman who ever lived killed by Meryn fucking Trant?,Meryn Trant Meryn Trant
Season 4,Episode 5,First of His Name,jon snow,It's not safe for you here on your own. Mance Rayder has an army heading this way and there's worse out there than Mance. Come with us to Castle Black. We can find you work. Keep you safe.,Mance Rayder Mance
Season 4,Episode 6,The Laws of Gods and Men,hizdahr,Queen Daenerys. Tales of your beauty were not exaggerated.,Queen Daenerys
Season 4,Episode 6,The Laws of Gods and Men,tywin lannister,I know nothing of the sort.,
Season 4,Episode 6,The Laws of Gods and Men,oberyn martell,How could you possibly know all this? Why would he reveal such plans to his wife's maid?,
Season 4,Episode 6,The Laws of Gods and Men,tywin lannister,How did you come to be in his service?,
Season 4,Episode 6,The Laws of Gods and Men,shae,"He stole me. I was with another man, a knight in your lordship's army. But when Tyrion arrived at the camp, he sent one of his cutthroats into our tent. He broke the knight's arm and brought me to Lord Tyrion. ""You belong to me now,"" he said. ""I want you to fuck me like it's my last night in this world.""",Tyrion Tyrion
Season 4,Episode 7,Mockingbird,jaime lannister,"You threw your life away. You threw it away. It's not a joke. You understand that, don't you?",
Season 4,Episode 7,Mockingbird,tyrion lannister,Lollys Stokeworth? She doesn't strike me as your sort of girl.,Lollys Stokeworth
Season 4,Episode 7,Mockingbird,bronn,I wouldn't say I had a single sort of girl.,
Season 4,Episode 7,Mockingbird,daario,But your window is not.,
Season 4,Episode 7,Mockingbird,daenerys targaryen,"And as for women, there are thousands in Meereen you can pursue.",Meereen
Season 4,Episode 7,Mockingbird,daario,I'll stay in Meereen and patrol the streets. Send me to kill your enemies. Any enemy anywhere. Let me do what I do best.,
Season 4,Episode 7,Mockingbird,daario,Jorah the Andal. Are you here to see our queen? She's in a good mood.,Andal
Season 4,Episode 7,Mockingbird,podrick,The Lannisters want Lady Sansa. The Lannisters have money. People kill for money. I don't think we should be telling people we're searching for Lady Sansa.,Lannisters Lady Sansa Lannisters Lady Sansa
Season 4,Episode 7,Mockingbird,podrick,"Her aunt, Lysa Arryn. Catelyn Stark's sister. She's Arya's last living relative with money. She hates the Lannisters. Lord Tyrion made sure I knew which house married which and who hated who.",Lysa Arryn Catelyn Stark's Arya Lannisters Tyrion
Season 4,Episode 7,Mockingbird,tyrion lannister,Making honest feelings do dishonest work is one of her many gifts.,
Season 4,Episode 8,The Mountain and the Viper,ed,"Whoever dies last, be a good lad and burn the rest of us. Once I'm done with this world, I don't want to come back.",
Season 4,Episode 8,The Mountain and the Viper,ramsay bolton,Ramsay Snow.,Ramsay Snow
Season 4,Episode 8,The Mountain and the Viper,sandor clegane,laughs* I'd pay good money to see that. *grunts and rubs his neck*,
Season 4,Episode 8,The Mountain and the Viper,jaime lannister,"Every day around the world, men, women, and children are murdered by the score. Who gives a dusty fuck about a bunch of beetles?",
Season 4,Episode 9,The Watchers on the Wall,sam,"The interesting thing is, our vows never specifically forbid intimate relations with women.",
Season 4,Episode 9,The Watchers on the Wall,gilly,"If they find the boy, you don't know what they'll do.",
Season 4,Episode 9,The Watchers on the Wall,gilly,I know there's no women allowed.,
Season 4,Episode 9,The Watchers on the Wall,sam,He won't just kill ya. They'll boil you. They'll filet you. They'll make it last days!,
Season 4,Episode 10,The Children,mance,"It appears my trusting nature got the better of me. It's happened before. I was hoping your loyalty was real when you pledged yourself to us, Jon Snow, truly I was.",Jon Snow
Season 4,Episode 10,The Children,tormund,Snow. Did you love her? She loved you.,
Season 5,Episode 1,The Wars to Come,stannis baratheon,I'll offer them their lives and their freedom if Mance kneels before me and swears his loyalty.,Mance
Season 5,Episode 1,The Wars to Come,cersei lannister,What could you possibly have done to warrant my forgiveness?,
Season 5,Episode 1,The Wars to Come,jon snow,They'll burn you alive.,
Season 5,Episode 2,The House of Black and White,man,Don't be afraid. He's announcing our arrival.,
Season 5,Episode 2,The House of Black and White,brienne,"Lady Sansa, before your mother's death, I was her sworn sword. I gave my word I would find you and protect you. I will shield your back and keep your council, and give my life for yours if need be. I swear it by the old gods and the new.",Lady Sansa
Season 5,Episode 2,The House of Black and White,lollys,People eat pigeon pie in the capital.,
Season 5,Episode 2,The House of Black and White,tyrion lannister,And what do you hope to find at the end of the road to Meereen?,Meereen
Season 5,Episode 2,The House of Black and White,pycelle,"Your Grace, him? This man? This embarrassment to the Citadel? Your Grace, what qualifications can he possibly have for this post?",Grace
Season 5,Episode 2,The House of Black and White,janos,Another wildling lover just like his friend Jon Snow. How's your lady love Slayer?,Jon Snow Slayer
Season 5,Episode 2,The House of Black and White,sam,"Whilst Lord Janos was hiding with the women and children, Jon Snow was leading.",Janos Jon Snow
Season 5,Episode 3,High Sparrow,cersei lannister,This is my real home now. Where my family lives.,
Season 5,Episode 3,High Sparrow,jon snow,"You mistake me, my Lord. That was a command, not an offer. Pack your arms and armour, say your farewells, and ride for Greyguard.",
Season 5,Episode 3,High Sparrow,petyr baelish,"I assure you she's still a virgin. Tyrion never consummated the marriage. By the law of the land, she's no man's wife. Inspect her, if you must.",Tyrion
Season 5,Episode 3,High Sparrow,tyrion lannister,The only red priest we had in King's Landing was Thoros of Myr. This one's much better looking.,Thoros of Myr
Season 5,Episode 3,High Sparrow,black haired prostitute,You've got no money.,
Season 5,Episode 4,Sons of the Harpy,bronn,I have. The Dornish are crazy. All they want to do is fight and fuck. Fuck and fight.,
Season 5,Episode 4,Sons of the Harpy,cersei lannister,How much can the Crown afford?,
Season 5,Episode 4,Sons of the Harpy,sparrow,All sinners are equal before the Gods.,
Season 5,Episode 4,Sons of the Harpy,melisandre,Her father is the Lordo s chosen King. And her father's blood runs through her veins.,Lordo
Season 5,Episode 4,Sons of the Harpy,petyr baelish,"Stannis takes Winterfell, he rescues you from the most despised family in the North. Grateful for your late father's courageous support for his claim, he names you Wardeness of the North.",Stannis Winterfell Wardeness
Season 5,Episode 4,Sons of the Harpy,bronn,"Our ship capsized in the night. We managed to swim ashore. It was a near thing, really.",
Season 5,Episode 4,Sons of the Harpy,bronn,Birds have to eat too.,
Season 5,Episode 4,Sons of the Harpy,barristan,"I was thinking of all the times your brother made me go with him down from the Red Keep, into the streets of King's Landing.",
Season 5,Episode 4,Sons of the Harpy,barristan,I made sure no one killed him. And I collected the money. . Well he liked to see how much he could make.,
Season 5,Episode 4,Sons of the Harpy,daenerys targaryen,And what did you do with the money?,
Season 5,Episode 5,Kill the Boy,sam,"And though Daenerys maintains her grip on Slaver's Bay, forces rise against her from within and without. She refuses to leave until the freedom of the former slaves is secure."" She sounds like quite a woman.",Daenerys
Season 5,Episode 5,Kill the Boy,jon snow,Where are the rest of the free folk now? . Where have they gone? . Who leads them?,
Season 5,Episode 5,Kill the Boy,myranda,"It's good that she taught you. It was a gift. Now every time you wear something you made, you can remember her.",
Season 5,Episode 5,Kill the Boy,ramsay bolton,"You mustn't keep secrets from me, Reek. Get on your knees.",Reek
Season 5,Episode 5,Kill the Boy,jon snow,"You'll get them back, I swear it. Have a safe journey, Your Grace. And thank you.",
Season 5,Episode 5,Kill the Boy,tyrion lannister,You know what they say. The Doom still rules Valyria. What about the demons and the flames? Aren't you afraid of the Doom?,Valyria
Season 5,Episode 6,"Unbowed, Unbent, Unbroken",tyrion lannister,So a woman who has not spent a single day of her adult life in Westeros becomes the ruler of Westeros? That's justice?,
Season 5,Episode 6,"Unbowed, Unbent, Unbroken",petyr baelish,"You wouldn't risk a single Lannister soldier or a single coin from the Royal Treasury. What do you have to lose, a brothel keeper?",
Season 5,Episode 7,The Gift,sparrow,"Have you ever served the field, Lady Olenna? Have you ever reaped the grain? Has anyone in House Tyrell? A lifetime of wealth and power has left you blind in one eye. You are the few. We are the many. And when the many stop fearing the few…",Lady Olenna
Season 5,Episode 7,The Gift,cersei lannister,"No you don't. You can't possibly. Not until you have children of your own. I would do anything for you. Anything to keep you from harm. I would burn cities to the ground. That is all that matters. You and your sister. From the moment you came into this world, my boy. My only boy.",
Season 5,Episode 7,The Gift,bronn,No great hurry. Dornish women are the most beautiful women in the world.,
Season 5,Episode 7,The Gift,bronn,I said Dornish women. I didn't say you.,
Season 5,Episode 7,The Gift,sparrow,Did you know this chapel is one of the oldest structures in King's Landing?,
Season 5,Episode 8,Hardhome,arya stark,"If the captain dies, the thin man pays his family a lot of money.",
Season 5,Episode 8,Hardhome,daenerys targaryen,So have you decided yet? Whether I'm worthy of your service?,
Season 5,Episode 8,Hardhome,daenerys targaryen,I did reopen the fighting pits. Under my rule murder will once again become entertainment.,
Season 5,Episode 8,Hardhome,sam,"Wildlings are people, just like us. There are good ones and bad ones.",
Season 5,Episode 8,Hardhome,tormund,We should gather the elders find somewhere quiet to talk.,
Season 5,Episode 8,Hardhome,tormund,They're running out of food and there's nothing to hunt. They'll come around.,
Season 5,Episode 8,Hardhome,shouting,Wait! Open the gate! Let us in! Help us! Please open it!,
Season 5,Episode 9,The Dance of Dragons,mace,"Some consider usury distasteful, dishonorable. Pure nonsense, of course.",
Season 5,Episode 9,The Dance of Dragons,jaime lannister,"Of course, she's my niece.",
Season 5,Episode 9,The Dance of Dragons,hizdahr,That is a vital part of the great city of Meereen. Which has existed long before you arrived and will remain standing long after we have returned to the dirt.,
Season 5,Episode 10,Mother’s Mercy,jon snow,"You know that The Citadel will make you swear off women, too.",
Season 5,Episode 10,Mother’s Mercy,stannis baratheon,Bolton has women fighting for him.,Bolton
Season 5,Episode 10,Mother’s Mercy,doran,I wish you a safe journey home.,
Season 5,Episode 10,Mother’s Mercy,jaime lannister,What I'm trying to say. What I'm trying and failing to say…,
Season 5,Episode 10,Mother’s Mercy,tyrion lannister,"Well, she didn't execute me, so that's a promising start. Now the heroes are off to find her, and I'm stuck here, trying to placate a city on the brink of civil war. Any advice for an old comrade?",
Season 5,Episode 10,Mother’s Mercy,varys,"If only. A grand old city, choking on violence, corruption, and deceit. Who could possibly have any experience managing such a massive, ungainly beast?",
Season 6,Episode 1,The Red Woman,brienne,"Lady Sansa, I offer my services once again I will shield your back and keep your council and give my life for yours if need be I swear it by the old gods and the new",Lady Sansa
Season 6,Episode 1,The Red Woman,sansa stark,Meat and mead at my table And I pledge to ask no service of you that might bring you dishonor I swear it by the old gods and the new Arise,
Season 6,Episode 1,The Red Woman,tyrion lannister,For your baby To eat,
Season 6,Episode 1,The Red Woman,varys,She thinks you want to eat her baby,
Season 6,Episode 1,The Red Woman,wife,Blue-eyed women are witches,
Season 6,Episode 2,Home,kings soldier,"He would like you to remain in the Red Keep, Your Grace, for your own protection",
Season 6,Episode 2,Home,kings soldier,"He has left the Red Keep, Your Grace",
Season 6,Episode 2,Home,sparrow,"No doubt many of us would fall But who are we, hmm? We have no names, no family Every one of us is poor and powerless And yet together, we can overthrow an empire",
Season 6,Episode 2,Home,grey worm,"If a dragon does not want to eat, how do you force him to eat?",
Season 6,Episode 2,Home,ramsay bolton,"We don't need every house in the North. The Umbers, the Manderlys, and the Karstarks command more soldiers than all the other houses combined With their support, none could challenge us",Manderlys
Season 6,Episode 2,Home,lord karstark,The Starks lost my house the day King Rob cut off my father's head It's time for new blood in the North,Starks King Rob
Season 6,Episode 2,Home,theon greyjoy,I don't want to be forgiven I can never make amends to your family for all the things that I've done They'll keep you safer than I ever could,
Season 6,Episode 3,Oathbreaker,sam tarly,"No No, no, no The Citadel doesn't admit women There won't be a place for you there or for Little Sam",Little Sam
Season 6,Episode 3,Oathbreaker,gilly,I stayed at Castle Black There's no women allowed there,
Season 6,Episode 3,Oathbreaker,sam tarly,By yourself? With a baby and no money?,
Season 6,Episode 3,Oathbreaker,sam tarly,I'd feel better if you threw something at me and stormed off,
Season 6,Episode 3,Oathbreaker,tyrion lannister,You speak 19 languages You must occasionally use some of them to talk about things,
Season 6,Episode 3,Oathbreaker,tyrion lannister,Possibly,
Season 6,Episode 3,Oathbreaker,missandei,Possibly?,
Season 6,Episode 3,Oathbreaker,qyburn,"Now remember, if any of your friends like sweets or need help, they can always come to me All I need in return are whispers",
Season 6,Episode 3,Oathbreaker,cersei lannister,"What about Myrcella's death, Uncle? Do you consider the murder of your own blood a troublesome issue?",Uncle
Season 6,Episode 4,Book of the Stranger,robin,She's my cousin We should help her,
Season 6,Episode 4,Book of the Stranger,missandei,"She refused them because hundreds of thousands of men, women, and children still lived in chains",
Season 6,Episode 4,Book of the Stranger,tyrion lannister,I don't trust the Masters I trust their self-interest They're trustworthy if they're convinced that working with me is in their self-interest,
Season 6,Episode 4,Book of the Stranger,leader,"We are not queens here, but the khals depend on us for our wisdom Our lives have meaning",
Season 6,Episode 4,Book of the Stranger,daenerys targaryen,I needed fresh air The old women stink,
Season 6,Episode 4,Book of the Stranger,lady olenna,"My dear, you have been stripped of your dignity and authority, publicly shamed, and confined to the Red Keep. What's left to work with?",
Season 6,Episode 4,Book of the Stranger,osha,You eat them after?,
Season 6,Episode 4,Book of the Stranger,sansa stark,That's all right. There are more important things.,
Season 6,Episode 4,Book of the Stranger,khal,She's paler than milk.,
Season 6,Episode 4,Book of the Stranger,khal moro,"And If there's anything left of you, we'll give our horses a turn. You crazy cunt. Did you really think we would serve you?",
Season 6,Episode 5,The Door,sansa stark,"The other things he did, ladies aren't supposed to talk about those things, but I imagine brothel keepers talk about them all the time. I can still feel it. I don't mean in my tender heart it still pains me so. I can still feel what he did in my body standing here right now.",
Season 6,Episode 5,The Door,aeron,Let the fish eat the scales off his eyes.,
Season 6,Episode 5,The Door,tyrion lannister,We'd be most grateful for any support you could provide the queen.,
Season 6,Episode 5,The Door,kinvara,Everything is the Lordo s will. But men and women make mistakes. Even honest servants of the Lord.,
Season 6,Episode 5,The Door,sansa stark,I made it like the one Father used to wear. As near as I can remember.,
Season 6,Episode 6,Blood of My Blood,melessa,They're on a hunt. They'll join us for dinner. Come inside. Such a journey. You must be exhausted.,
Season 6,Episode 6,Blood of My Blood,sam,"Oh, yes. Yes. A good amount. North of the Wall, you don't hunt, you don't eat.",
Season 6,Episode 6,Blood of My Blood,jaqen hghar,A shame. A girl had many gifts.,
Season 6,Episode 6,Blood of My Blood,sparrow,To die in the service of the gods would please each and every one of us. We yearn for it. But there is no call for it today. There will be no walk of atonement.,
Season 6,Episode 7,The Broken Man,ray,"And you lot, come on. Come on, get it moving. Come on, come on.",
Season 6,Episode 7,The Broken Man,sandor,"Aye, there's a reason. I'm a big fucker and I'm tough to kill.",
Season 6,Episode 7,The Broken Man,sparrow,"The king mentioned that since your reunion, you haven't joined him in the marriage bed.",
Season 6,Episode 7,The Broken Man,margaery tyrell,It's just...the desires that once drove me no longer do.,
Season 6,Episode 7,The Broken Man,wun wun,Snow.,
Season 6,Episode 7,The Broken Man,olenna tyrell,That is hardly your concern.,
Season 6,Episode 7,The Broken Man,jaime lannister,You clearly have no intention of saving your men's lives. Why did you come to treat with me?,
Season 6,Episode 7,The Broken Man,yara greyjoy,"Now, since it's my last night ashore for a long while, I'm gonna go fuck the tits off this one.",
Season 6,Episode 7,The Broken Man,ray,"That night...I felt such shame. Shame was so heavy on me, I couldn't eat, I couldn't sleep.",
Season 6,Episode 8,No One,arya stark,You wouldn't be safe. Not while she's looking for me.,
Season 6,Episode 8,No One,tyrion lannister,I'd call that a successful gambit.,
Season 6,Episode 8,No One,cersei lannister,Who permitted them inside the Red Keep?,
Season 6,Episode 8,No One,bronn,Then how come an old cunt like me can still sneak up and murder you?,
Season 6,Episode 8,No One,podrick,"Well, that's a different sort of fighting.",
Season 6,Episode 8,No One,brynden,"He's been their captive ever since they murdered his king at the Red Wedding. Why do you think the people who murdered his king at the Red Wedding would decide to let him come home? Because it's a trap, you idiot. Don't let him in.",
Season 6,Episode 8,No One,edmure,Command all the forces within the castle to lay down their arms. Open the gates.,
Season 6,Episode 8,No One,beric,We gave you two of the three out of respect for your loss. That's generous.,
Season 6,Episode 8,No One,sandor,Got anything to eat?,
Season 6,Episode 9,Battle of the Bastards,tormund,You and Stannis cut through us like piss through snow.,
Season 6,Episode 9,Battle of the Bastards,sansa stark,No one can protect me. No one can protect anyone.,
Season 6,Episode 9,Battle of the Bastards,theon greyjoy,I didn't murder the Stark boys. But I did things that were just as bad or worse.,Stark
Season 6,Episode 9,Battle of the Bastards,tyrion lannister,"With the former Masters' fleet, possibly. Barely. There are more than 100 ships in the Iron Fleet.",
Season 6,Episode 9,Battle of the Bastards,ramsay bolton,"Ah. Sansa. Hello, Sansa. Is this where I'll be staying now? No. Our time together is about to come to an end. That's all right. You can't kill me. I'm part of you now.",Sansa Sansa
Season 6,Episode 10,The Winds of Winter,mistress,You got my money?,
Season 6,Episode 10,The Winds of Winter,lancel,Her litter never left the Red Keep.,
Season 6,Episode 10,The Winds of Winter,maester,No women or children!,
Season 6,Episode 10,The Winds of Winter,melisandre,"Could have been worse, Jon Snow. You had a family. You had feasts.",Jon Snow
Season 6,Episode 10,The Winds of Winter,olenna tyrell,No? Good. Let the grown women speak.,
Season 6,Episode 10,The Winds of Winter,daenerys targaryen,"A great number of women, I imagine. Specific orders will be left for you regarding the welfare of Meereen and the Bay of Dragons.",Meereen
Season 6,Episode 10,The Winds of Winter,daenerys targaryen,"We can't call it Slaver's Bay anymore, can we?",
Season 6,Episode 10,The Winds of Winter,lyanna,"Your son was butchered at the Red Wedding, Lord Manderly. But you refused the call. You swore allegiance to House Stark, Lord Glover, but in their hour of greatest need, you refused the call. And you, Lord Cerwyn, your father was skinned alive by Ramsay Bolton. Still you refuse the call. But House Mormont remembers. The North remembers. We know no king but the King in the North whose name is Stark. I don't care if he's a bastard. Ned Stark's blood runs through his veins. He's my king from this day until his last day.",Manderly House Stark Lord Glover Cerwyn Ramsay Bolton North Stark Ned Stark's
Season 7,Episode 1,Dragonstone,jon snow,"All right, I'll stop trying to protect you and you stop trying to undermine me.",
Season 7,Episode 1,Dragonstone,cersei lannister,"I loved them. I did. But they're ashes now and we're still flesh and blood. We're the last Lannisters, the last ones who count.",Lannisters
Season 7,Episode 1,Dragonstone,man,"There's been some trouble with the Freys up at The Twins, so we're part of the army that's been sent to keep the peace.",
Season 7,Episode 2,Stormborn,daenerys targaryen,Who sent word to Essos to murder Daenerys Targaryen?,Essos Daenerys Targaryen
Season 7,Episode 2,Stormborn,grey worm,"Forgive me, my queen. A red priestess from As'shai has come to see you.",
Season 7,Episode 2,Stormborn,tyrion lannister,"I can't speak to prophecies or visions in the flames, but I like Jon Snow and I trusted him, and I am an excellent judge of character.",Jon Snow
Season 7,Episode 2,Stormborn,daenerys targaryen,"I'm grateful to you, Lady Olenna, for your council. I'm grateful to all of you. But you have chosen to follow me. I will not attack King's Landing. We will not attack King's Landing.",Lady Olenna
Season 7,Episode 2,Stormborn,marwyn,What? You don't like the title? What would you call it then?,
Season 7,Episode 2,Stormborn,sam tarly,Possibly something a bit more poetic?,
Season 7,Episode 2,Stormborn,hot pie,The lady knight. I figured she was a knight because she had armor on. She was looking for your sister but I told her about you. Did she ever find you?,
Season 7,Episode 3,The Queen’s Justice,daenerys targaryen,"Thank you for traveling so far, My Lords. I hope the seas weren't too rough.",
Season 7,Episode 3,The Queen’s Justice,davos,You don't believe him. I understand that. It sounds like nonsense.,
Season 7,Episode 3,The Queen’s Justice,tyrion lannister,It takes no time to bend the knee. Pledge your sword to her cause.,
Season 7,Episode 3,The Queen’s Justice,daenerys targaryen,You must forgive my manners. You will both be tired after your long journey. We'll have baths drawn for you and supper sent to your rooms.,
Season 7,Episode 3,The Queen’s Justice,cersei lannister,The Lannisters owe the Iron Bank quite a lot of money but Lannisters always pay their debts. Do former slaves or Dothraki or dragons?,Lannisters Lannisters Dothraki
Season 7,Episode 3,The Queen’s Justice,tyrion lannister,"Apparently it can be turned into weapons that kill White Walkers and their foot soldiers, or stop them, destroy them. I'm unsure of the nomenclature.",White Walkers
Season 7,Episode 3,The Queen’s Justice,tyrion lannister,"But as my sister's armies fights for her, the Unsullied will be fighting for something greater. They will be fighting for freedom and the person who gave it to them. They will be fighting for you. And that is why they will triump.",
Season 7,Episode 3,The Queen’s Justice,olenna tyrell,"That was Joffrey's sword, wasn't it? Not that he ever used it. What did he call it?",Joffrey
Season 7,Episode 3,The Queen’s Justice,jaime lannister,"Possibly. Not much to be gained from discussing it with you though, is there?",
Season 7,Episode 3,The Queen’s Justice,olenna tyrell,What better person to discuss it with? What better guarantee could you have that the things you say will never leave this room? But perhaps you're right. If she's driven you this far it's gone beyond your control.,
Season 7,Episode 4,The Spoils Of War,bronn,You just won the biggest prize in the world. What could you possibly have to be upset about? Come on. You can tell me. Queen of Thorns give you one last prick in the balls before saying goodbye?,
Season 7,Episode 4,The Spoils Of War,jaime lannister,That's a lot of money I just gave you.,
Season 7,Episode 4,The Spoils Of War,tycho,I know them well. They've helped us recover significant sums from parties who had fallen into deep arrears.,
Season 7,Episode 4,The Spoils Of War,sansa stark,steps up closer to BRAN and speaks to him.,
Season 7,Episode 5,Eastwatch,tyrion lannister,"Your Grace, nothing strips bold notions from a man's head like a few weeks in a dark cell.",Grace
Season 7,Episode 5,Eastwatch,cersei lannister,"So what do we do? Sue for peace? I sit on her father's throne, the father you betrayed and murdered. And in her mind she's winning. What sort of offer do you think she'd make?",
Season 7,Episode 5,Eastwatch,jaime lannister,opens the door and step into the queen's room. CERSEI is seated near a window speaking to QYBURN.,
Season 7,Episode 5,Eastwatch,jorah mormont,It was supposed to last us the rest of our lives.,
Season 7,Episode 5,Eastwatch,gendry baratheon,They're the Brotherhood. And the last thing their Lord told them to do was sell me to a Red Witch to be murdered.,
Season 7,Episode 6,Beyond the Wall,beric,We're fighting a great war. Wars cost money.,
Season 7,Episode 7,The Dragon and the Wolf,brienne,She's alive. Arya.,Arya
Season 7,Episode 7,The Dragon and the Wolf,euron greyjoy,Can they swim?,
Season 7,Episode 7,The Dragon and the Wolf,euron greyjoy,"I'm going back to my island. You should go back to yours. When winter's over, we'll be the only ones left alive.",
Season 7,Episode 7,The Dragon and the Wolf,jon snow,But you never lost him. He's a part of you. Just like he's a part of me.,
Season 7,Episode 7,The Dragon and the Wolf,sansa stark,You stand accused of murder. You stand accused of treason. How do you answer these charges Lord Baelish?,Baelish
Season 7,Episode 7,The Dragon and the Wolf,sansa stark,"You did it to take power in the Vale. Earlier, you conspired to murder Jon.",Jon
Season 8,Episode 1,Winterfell,jon snow,"You did, my lady. It was the honor of my life. I'll always be grateful for your faith. But when I left Winterfell, I told you we need allies or we will die. I have brought those allies home to fight alongside us. I had a choice, keep my crown or protect the North. I chose the North.",Winterfell
Season 8,Episode 1,Winterfell,euron greyjoy,But we're family. The last Greyjoys left in the world. The last ones with balls anyway.,Greyjoys
Season 8,Episode 1,Winterfell,tyrion lannister,And our queen is grateful.,
Season 8,Episode 2,A Knight of the Seven Kingdoms,sansa stark,Men do stupid things for women. They're easily manipulated.,
Season 8,Episode 2,A Knight of the Seven Kingdoms,tyrion lannister,"Your Grace, I have fought before, I can do it again. Alongside the men and women risking their lives.",Grace
Season 8,Episode 2,A Knight of the Seven Kingdoms,tyrion lannister,You've had a strange journey.,
Season 8,Episode 2,A Knight of the Seven Kingdoms,sam tarly,They'll be safe down in the crypt.,
Season 8,Episode 2,A Knight of the Seven Kingdoms,tyrion lannister,You were a golden lion. I was a drunken whore-monger. It was all so simple.,
Season 8,Episode 2,A Knight of the Seven Kingdoms,brienne,Women can't be knights.,
Season 8,Episode 2,A Knight of the Seven Kingdoms,lyanna,"I have trained my men, women and children. I have fought before. I can fight again.",
Season 8,Episode 2,A Knight of the Seven Kingdoms,daenerys targaryen,"My brother, Rhaegar, everyone told me he was decent and kind. He liked to sing. Gave money to poor children. And he raped her.",Rhaegar
Season 8,Episode 5,The Bells,martha,She won't eat.,
Season 8,Episode 5,The Bells,tyrion lannister,"The people who live there, they're not your enemies. They're innocents, like the ones you liberated in Meereen.",Meereen
Season 8,Episode 5,The Bells,tyrion lannister,I drink to eat the skull keeper.,
Season 8,Episode 5,The Bells,tyrion lannister,I want to eat the skull keeper.,
Season 8,Episode 5,The Bells,tyrion lannister,I defended the city last time it was attacked. I know it better than anyone. It will fall tomorrow.,
Season 8,Episode 5,The Bells,soldier,Yes. Follow down there. They're here. Get to the Red Keep.,
Season 8,Episode 5,The Bells,cersei lannister,The Red Keep is the safest place in the city.,
Season 8,Episode 5,The Bells,qyburn,The Unsullied have breached the gates of the Red Keep.,
Season 8,Episode 5,The Bells,sandor clegane,Or maybe that dragon will eat her. It doesn't matter. She's dead. And you'll be dead too if you don't get out of here.,
Season 8,Episode 5,The Bells,cersei lannister,Not like this. Not like this. Not like this.,
Season 8,Episode 6,The Iron Throne,tyrion lannister,"I know you don't want it. I know you don't care about power. But I ask you now, if we choose you will you wear the crown? Will you lead the Seven Kingdoms to the best of your abilities from this day until your last day?",
Season 8,Episode 6,The Iron Throne,jon snow,You think anyone will dare tell you women aren't allowed?,
